<?xml version="1.0" encoding="UTF-8" standalone="yes"?>
<OfficeApp xmlns="http://schemas.microsoft.com/office/appforoffice/1.1" xmlns:xsi="http://www.w3.org/2001/XMLSchema-instance" xmlns:bt="http://schemas.microsoft.com/office/officeappbasictypes/1.0" xmlns:ov="http://schemas.microsoft.com/office/taskpaneappversionoverrides" xsi:type="TaskPaneApp">
  <Id>f211fbb9-8e44-4f7e-b975-a90d655ece73</Id>
  <Version>1.0.0.0</Version>
  <ProviderName>MiFirma</ProviderName>
  <DefaultLocale>en-US</DefaultLocale>
  <DisplayName DefaultValue="MiFirma"/>
  <Description DefaultValue="Gestiona y firma electrónicamente tus documentos más importantes, desde cualquier lugar de forma ágil, segura y con validez jurídica y probatoria"/>
  <IconUrl DefaultValue="https://localhost:3000/assets/icon-32.png"/>
  <HighResolutionIconUrl DefaultValue="https://localhost:3000/assets/img/icon-64.png"/>
  <SupportUrl DefaultValue="https://www.mifirma.co/pqrs/index.html"/>
  <AppDomains>
    <AppDomain>https://localhost:3000</AppDomain>
  </AppDomains>
  <Hosts>
    <Host Name="Document"/>
  </Hosts>
  <DefaultSettings>
    <SourceLocation DefaultValue="https://localhost:3000/taskpane.html"/>
  </DefaultSettings>
  <Permissions>ReadWriteDocument</Permissions>
  <VersionOverrides xmlns="http://schemas.microsoft.com/office/taskpaneappversionoverrides" xsi:type="VersionOverridesV1_0">
    <Hosts>
      <Host xsi:type="Document">
        <DesktopFormFactor>
          <GetStarted>
            <Title resid="GetStarted.Title"/>
            <Description resid="GetStarted.Description"/>
            <LearnMoreUrl resid="GetStarted.LearnMoreUrl"/>
          </GetStarted>
          <ExtensionPoint xsi:type="PrimaryCommandSurface">
            <OfficeTab id="TabHome">
              <Group id="CommandsGroup">
                <Label resid="CommandsGroup.Label"/>
                <Icon>
                  <bt:Image size="16" resid="Icon.16x16"/>
                  <bt:Image size="32" resid="Icon.32x32"/>
                  <bt:Image size="80" resid="Icon.80x80"/>
                </Icon>
                <Control xsi:type="Button" id="TaskpaneButton">
                  <Label resid="TaskpaneButton.Label"/>
                  <Supertip>
                    <Title resid="TaskpaneButton.Label"/>
                    <Description resid="TaskpaneButton.Tooltip"/>
                  </Supertip>
                  <Icon>
                    <bt:Image size="16" resid="Icon.16x16"/>
                    <bt:Image size="32" resid="Icon.32x32"/>
                    <bt:Image size="80" resid="Icon.80x80"/>
                  </Icon>
                  <Action xsi:type="ShowTaskpane">
                    <TaskpaneId>ButtonId1</TaskpaneId>
                    <SourceLocation resid="Taskpane.Url"/>
                  </Action>
                </Control>
              </Group>
            </OfficeTab>
          </ExtensionPoint>
        </DesktopFormFactor>
      </Host>
    </Hosts>
    <Resources>
      <bt:Images>
        <bt:Image id="Icon.16x16" DefaultValue="https://localhost:3000/assets/icon-16.png"/>
        <bt:Image id="Icon.32x32" DefaultValue="https://localhost:3000/assets/icon-32.png"/>
        <bt:Image id="Icon.80x80" DefaultValue="https://localhost:3000/assets/icon-80_1.png"/>
      </bt:Images>
      <bt:Urls>
        <bt:Url id="GetStarted.LearnMoreUrl" DefaultValue="https://go.microsoft.com/fwlink/?LinkId=276812"/>
        <bt:Url id="Commands.Url" DefaultValue="https://localhost:3000/commands.html"/>
        <bt:Url id="Taskpane.Url" DefaultValue="https://localhost:3000/taskpane.html"/>
      </bt:Urls>
      <bt:ShortStrings>
        <bt:String id="GetStarted.Title" DefaultValue="Mi Firma para Office"/>
        <bt:String id="CommandsGroup.Label" DefaultValue="Mi Firma"/>
        <bt:String id="TaskpaneButton.Label" DefaultValue="Firmar Documento"/>
      </bt:ShortStrings>
      <bt:LongStrings>
        <bt:String id="GetStarted.Description" DefaultValue="Complemento instalado correctamente. "/>
        <bt:String id="TaskpaneButton.Tooltip" DefaultValue="Click para mostrar el complemento"/>
      </bt:LongStrings>
    </Resources>
    <WebApplicationInfo>
      <Id>44a15631-df1c-43b3-9ef2-8c5ae65e9619</Id>
      <Resource>api://localhost:3000/44a15631-df1c-43b3-9ef2-8c5ae65e9619</Resource>
      <Scopes>
        <Scope>User.Read</Scope>
        <Scope>profile</Scope>
      </Scopes>
    </WebApplicationInfo>
  </VersionOverrides>
</OfficeApp>